review,date,product,url,stars,brand,model
"Bom dia. O celular é lindo e fácil de configurar, talvez encontrarão dificuldade no primeiro momento em passar ele para o português, mas fui em configuração e digitei legenda e aparece as opções de idioma. O adaptador de colocar na tomada é mais grosso do que o que normalmente usamos em casa, mas a loja foi 10 enviando uma outro adaptador compatível. Adorei a preocupação e cuidado de vocês.",10 Jan. 2022,xiaomi-redmi-note-10s-dual-sim-128-gb-onyx-gray-6-gb-ram,https://www.mercadolivre.com.br/xiaomi-redmi-note-10s-dual-sim-128-gb-onyx-gray-6-gb-ram/p/MLB18027052?pdp_filters=official_store:1553#reviews ,5,xiaomi,note 10s
"Comprei esse aparelho e com menos de 3 meses apresentou defeito, e não estão querendo resolver nada sobre isso pra mim, pra que serve a garantia então?.",19 Dec. 2021,xiaomi-redmi-note-10s-dual-sim-128-gb-onyx-gray-6-gb-ram,https://www.mercadolivre.com.br/xiaomi-redmi-note-10s-dual-sim-128-gb-onyx-gray-6-gb-ram/p/MLB18027052?pdp_filters=official_store:1553#reviews ,1,xiaomi,note 10s
"Depois de quase 1 mês de testes minha avaliação é a seguinte. De pontos positivos, o aparelho e muito bom , rápido e tem vários recursos uteis, fora a qualidade das câmeras. Nos pontos negativos: a versão vendida é a indiana, que usa um carregador que não é padrão brasileiro, mas um adaptador 20a resolve a questão e o app de gravação de ligação que tem que ser iniciado manualmente sempre e com mensagem de aviso que a ligação está sendo gravada. (culpa do tio google). A bronca maior e que tem um bug da própria rom miui ( fui premiado, isso não acontece com todos ) que vem causando falha em alguns apps do tipo não carrega corretamente. Alguns resolvi reinstalando e outros nem isso. Vou aguardar o fim da garantia pra reinstalar a rom direto na base ou com sorte o update pra miui 13 resolva isso. De resto ele é ok.",13 Apr. 2022,xiaomi-redmi-note-10s-dual-sim-128-gb-onyx-gray-6-gb-ram,https://www.mercadolivre.com.br/xiaomi-redmi-note-10s-dual-sim-128-gb-onyx-gray-6-gb-ram/p/MLB18027052?pdp_filters=official_store:1553#reviews ,3,xiaomi,note 10s
"Excelente celular.
Excelente aparelho, pra eu que gosto de jogar foi maravilhoso. Os 8gb de ram fazem jus, não trava nem nos jogos mais pesados com gráficos no máximo. Som e câmeras ótimas também e bateria sem comentários, 2 dias de duração com uso normal em redes sociais. Totalmente aprovado.",25 Feb. 2022,xiaomi-redmi-note-10s-dual-sim-128-gb-onyx-gray-6-gb-ram,https://www.mercadolivre.com.br/xiaomi-redmi-note-10s-dual-sim-128-gb-onyx-gray-6-gb-ram/p/MLB18027052?pdp_filters=official_store:1553#reviews ,5,xiaomi,note 10s
"O produto em si é sensacional, só tive um problema com o sistema, quem comprar qualquer celular da xiaomi lembre de se certificar da atualização qnd o produto chegar, olhem nas configurações e se tiver na vs 12 ou 12. 5 atualizem logo para a 13. O do meu sogro formatou 3 vezes sozinho e ele perdeu tudo, não tem nada haver com o aparelho, só deixando registrado pra quem comprar já ver assim q iniciar e atualizar, se colocar na vs 13 já não terão mais problemas.
Produto sensacional, podem comprar sem medo de ser feliz, e preço tbm com valor super acessível.",17 Sep. 2022,xiaomi-redmi-note-10s-dual-sim-128-gb-onyx-gray-6-gb-ram,https://www.mercadolivre.com.br/xiaomi-redmi-note-10s-dual-sim-128-gb-onyx-gray-6-gb-ram/p/MLB18027052?pdp_filters=official_store:1553#reviews ,5,xiaomi,note 10s
"Não comprem , meu telefone durou 60 dias e foi bloqueado pela anatel pois é um telefone irregular, agora tô pagando a 2 parcela e tô com meu telefone bloqueado.",20 Feb. 2022,xiaomi-redmi-note-10s-dual-sim-128-gb-onyx-gray-6-gb-ram,https://www.mercadolivre.com.br/xiaomi-redmi-note-10s-dual-sim-128-gb-onyx-gray-6-gb-ram/p/MLB18027052?pdp_filters=official_store:1553#reviews ,1,xiaomi,note 10s
"A qualidade do produto e incomparável. Velocidade, processador, bateria entre outros. Só tem um detalhe o aparelho já veio pre-ativado em indiano/inglês e com o carregador indiano também.
Uma pessoa com pouco conhecimento já devolveria o aparelho. Fica a dica!!.",13 Oct. 2021,xiaomi-redmi-note-10s-dual-sim-128-gb-onyx-gray-6-gb-ram,https://www.mercadolivre.com.br/xiaomi-redmi-note-10s-dual-sim-128-gb-onyx-gray-6-gb-ram/p/MLB18027052?pdp_filters=official_store:1553#reviews ,4,xiaomi,note 10s
"Ruim. Com cinco meses de uso o microfone começou a apresentar problemas, não sofreu queda nem dano nenhum. Agora ficou impossível de usar o aparelho, e o pior, não tenho garantia por ser um produto importado. Arrependido pela compra, infelizmente.",12 Jul. 2022,xiaomi-redmi-note-10s-dual-sim-128-gb-onyx-gray-6-gb-ram,https://www.mercadolivre.com.br/xiaomi-redmi-note-10s-dual-sim-128-gb-onyx-gray-6-gb-ram/p/MLB18027052?pdp_filters=official_store:1553#reviews ,1,xiaomi,note 10s
"Preciso urgente da nota fiscal, produto quase 2000,00 sem nota fiscal.",13 Oct. 2021,xiaomi-redmi-note-10s-dual-sim-128-gb-onyx-gray-6-gb-ram,https://www.mercadolivre.com.br/xiaomi-redmi-note-10s-dual-sim-128-gb-onyx-gray-6-gb-ram/p/MLB18027052?pdp_filters=official_store:1553#reviews ,2,xiaomi,note 10s
"Sou um grande admirador da xioami, mas esse smartphone não me agradou, tinha um 9s ótimo acabemento, otima camera, bateria excelente, dei o 9s para minha mãe e decidir pegar o 10s, um erro triste.
Era para carregar de 0 a 100% em 1hr 10min.
Ele demora 1hr 45min. Demora mais que meu 9s que tem o carregamento mais simples, alem que a bateria era para durar aproximadamente 4 horas a mais que o 9s, e o celular 2 dias comigo ja e a terceira fez que carrego, acabamento básico é simples da xioami.
Pelo lado bom ele é muito potente para jogos, mas só isso mesmo. Uma ""evolução"" que na minha opinião regrediu!!.",07 May 2022,xiaomi-redmi-note-10s-dual-sim-128-gb-onyx-gray-6-gb-ram,https://www.mercadolivre.com.br/xiaomi-redmi-note-10s-dual-sim-128-gb-onyx-gray-6-gb-ram/p/MLB18027052?pdp_filters=official_store:1553#reviews ,3,xiaomi,note 10s
Moito bom superou minha espectativa top.,24 May 2023,xiaomi-redmi-note-10s-dual-sim-128-gb-onyx-gray-6-gb-ram,https://www.mercadolivre.com.br/xiaomi-redmi-note-10s-dual-sim-128-gb-onyx-gray-6-gb-ram/p/MLB18027052?pdp_filters=official_store:1553#reviews ,5,xiaomi,note 10s
"Celular lindo por ser versão índia não tem nada de diferente do brasil, celular perfeito rápido. Não trava, câmera boa, carrega em uma hora, entra 5g. Única coisa ruim e o carregador vem o adaptador mas fica folgado! de resto nota 10!!!.",19 Jul. 2022,xiaomi-redmi-note-10s-dual-sim-128-gb-onyx-gray-6-gb-ram,https://www.mercadolivre.com.br/xiaomi-redmi-note-10s-dual-sim-128-gb-onyx-gray-6-gb-ram/p/MLB18027052?pdp_filters=official_store:1553#reviews ,5,xiaomi,note 10s
"Excelente produto, muito rápido, camera. Excelente qualidade.",20 Dec. 2021,xiaomi-redmi-note-10s-dual-sim-128-gb-onyx-gray-6-gb-ram,https://www.mercadolivre.com.br/xiaomi-redmi-note-10s-dual-sim-128-gb-onyx-gray-6-gb-ram/p/MLB18027052?pdp_filters=official_store:1553#reviews ,5,xiaomi,note 10s
O aparelho foi para o meu irmão acredito que ele vai gostar de usar uma nova marca !.,26 May 2023,xiaomi-redmi-note-10s-dual-sim-128-gb-onyx-gray-6-gb-ram,https://www.mercadolivre.com.br/xiaomi-redmi-note-10s-dual-sim-128-gb-onyx-gray-6-gb-ram/p/MLB18027052?pdp_filters=official_store:1553#reviews ,5,xiaomi,note 10s
"Veio com defeito de carregamento e por causa de uma pequena queda perdeu a garantia e gastei um horror no concerto e não fui ressarcido, propaganda de venda muito boa para qualidade do produto.",19 Jul. 2022,xiaomi-redmi-note-10s-dual-sim-128-gb-onyx-gray-6-gb-ram,https://www.mercadolivre.com.br/xiaomi-redmi-note-10s-dual-sim-128-gb-onyx-gray-6-gb-ram/p/MLB18027052?pdp_filters=official_store:1553#reviews ,1,xiaomi,note 10s
"Produto maravilhoso, já estou usando a alguns dias e de verdade é uma ótima experiência. Algumas pessoas já postaram comentários negativos, mas até então eu não tenho arrependimentos, câmera muito boa, bom processamento, memória gigante, excelente duração da bateria.
Se alguém se interessar pelo modelo do aparelho a minha recomendação é que comprem, vocês não se arrependerão.",10 Jul. 2022,xiaomi-redmi-note-10s-dual-sim-128-gb-onyx-gray-6-gb-ram,https://www.mercadolivre.com.br/xiaomi-redmi-note-10s-dual-sim-128-gb-onyx-gray-6-gb-ram/p/MLB18027052?pdp_filters=official_store:1553#reviews ,5,xiaomi,note 10s
"Celular n e original fui enganado, ele vive travando e ninguém me deu suporte e nem me devolveu o dinheiro, só descepcao.",01 Dec. 2022,xiaomi-redmi-note-10s-dual-sim-128-gb-onyx-gray-6-gb-ram,https://www.mercadolivre.com.br/xiaomi-redmi-note-10s-dual-sim-128-gb-onyx-gray-6-gb-ram/p/MLB18027052?pdp_filters=official_store:1553#reviews ,1,xiaomi,note 10s
Comprei a versão de 8gb e veio a de 6gb.,04 Jul. 2023,xiaomi-redmi-note-10s-dual-sim-128-gb-onyx-gray-6-gb-ram,https://www.mercadolivre.com.br/xiaomi-redmi-note-10s-dual-sim-128-gb-onyx-gray-6-gb-ram/p/MLB18027052?pdp_filters=official_store:1553#reviews ,1,xiaomi,note 10s
"Não compraria de novo,pelo valor não valeu a compra.",06 Apr. 2023,xiaomi-redmi-note-10s-dual-sim-128-gb-onyx-gray-6-gb-ram,https://www.mercadolivre.com.br/xiaomi-redmi-note-10s-dual-sim-128-gb-onyx-gray-6-gb-ram/p/MLB18027052?pdp_filters=official_store:1553#reviews ,2,xiaomi,note 10s
Meu celular descarregar rápido e o carregador não e compatível com tomada brasileira o celular parece ser réplica.,06 Mar. 2023,xiaomi-redmi-note-10s-dual-sim-128-gb-onyx-gray-6-gb-ram,https://www.mercadolivre.com.br/xiaomi-redmi-note-10s-dual-sim-128-gb-onyx-gray-6-gb-ram/p/MLB18027052?pdp_filters=official_store:1553#reviews ,1,xiaomi,note 10s
"Nao é o que falam nos anuncius dizem que é versao global e nao é,ele tambem é versao indiana e essa versao nao é muito boa.",08 May 2022,xiaomi-redmi-note-10s-dual-sim-128-gb-onyx-gray-6-gb-ram,https://www.mercadolivre.com.br/xiaomi-redmi-note-10s-dual-sim-128-gb-onyx-gray-6-gb-ram/p/MLB18027052?pdp_filters=official_store:1553#reviews ,2,xiaomi,note 10s
"Ótimo aparelho preço nem tanto para um aparelho sem garantia nacional.
Falta ter garantia mundial ai sim a xiaomi vai dominar o mundo lembrado de não abusar dos preços ta.
Ex: comprei dois red 6 com 6 meses um deu defeito não teve conserto olha ai, porem o outro ja tem 2 anos e esta bom ainda.
Bom ja que não tem garantia no próximo vou testa um outro smartphone chines para ver.",03 Jun. 2022,xiaomi-redmi-note-10s-dual-sim-128-gb-onyx-gray-6-gb-ram,https://www.mercadolivre.com.br/xiaomi-redmi-note-10s-dual-sim-128-gb-onyx-gray-6-gb-ram/p/MLB18027052?pdp_filters=official_store:1553#reviews ,5,xiaomi,note 10s
"Compraria de novo, vale muito apena, a versão que indiana, porem nada que prejudica, tudo igualzinho a versão global, só o carregador que não dá nas tomadas brasileiras, porem um adaptador é baratinho e resolve o problema, a câmera principal é ótima, a frontal nem tanto, mais pelo preço tá ótimo. Podem comprar sem medo.",19 Mar. 2022,xiaomi-redmi-note-10s-dual-sim-128-gb-onyx-gray-6-gb-ram,https://www.mercadolivre.com.br/xiaomi-redmi-note-10s-dual-sim-128-gb-onyx-gray-6-gb-ram/p/MLB18027052?pdp_filters=official_store:1553#reviews ,5,xiaomi,note 10s
"Excelente produto.
Porém. Decpcionada com o carregador.
Modelo antigo que não se adapta nas tomadas atuais.",12 Jul. 2023,xiaomi-redmi-note-10s-dual-sim-128-gb-onyx-gray-6-gb-ram,https://www.mercadolivre.com.br/xiaomi-redmi-note-10s-dual-sim-128-gb-onyx-gray-6-gb-ram/p/MLB18027052?pdp_filters=official_store:1553#reviews ,5,xiaomi,note 10s
Produto eselente.,17 May 2023,xiaomi-redmi-note-10s-dual-sim-128-gb-onyx-gray-6-gb-ram,https://www.mercadolivre.com.br/xiaomi-redmi-note-10s-dual-sim-128-gb-onyx-gray-6-gb-ram/p/MLB18027052?pdp_filters=official_store:1553#reviews ,5,xiaomi,note 10s
"O custo benefício do celular é bom. O ruim é a bateria que não dura nada, mesmo desativando tudo o que possa interferir nesse processo. Poderiam melhorar o tempo de duração da bateria.",08 Mar. 2023,xiaomi-redmi-note-10s-dual-sim-128-gb-onyx-gray-6-gb-ram,https://www.mercadolivre.com.br/xiaomi-redmi-note-10s-dual-sim-128-gb-onyx-gray-6-gb-ram/p/MLB18027052?pdp_filters=official_store:1553#reviews ,3,xiaomi,note 10s
Celular muito top!! não vão se arrepender na compra!!.,07 Mar. 2023,xiaomi-redmi-note-10s-dual-sim-128-gb-onyx-gray-6-gb-ram,https://www.mercadolivre.com.br/xiaomi-redmi-note-10s-dual-sim-128-gb-onyx-gray-6-gb-ram/p/MLB18027052?pdp_filters=official_store:1553#reviews ,5,xiaomi,note 10s
"Com 3 meses o celular deu defeito, e ninguém responde as minhas perguntas.",25 Feb. 2023,xiaomi-redmi-note-10s-dual-sim-128-gb-onyx-gray-6-gb-ram,https://www.mercadolivre.com.br/xiaomi-redmi-note-10s-dual-sim-128-gb-onyx-gray-6-gb-ram/p/MLB18027052?pdp_filters=official_store:1553#reviews ,1,xiaomi,note 10s
Celular e maravilhoso mais deu uma desligada e demorou pra liga em uso.,09 Aug. 2022,xiaomi-redmi-note-10s-dual-sim-128-gb-onyx-gray-6-gb-ram,https://www.mercadolivre.com.br/xiaomi-redmi-note-10s-dual-sim-128-gb-onyx-gray-6-gb-ram/p/MLB18027052?pdp_filters=official_store:1553#reviews ,2,xiaomi,note 10s
"Sinceramente não gostei,.
O meu só vive travando, não roda o aplicativo de música sem travar no meio da música,.
Sair do motorola pra usar o xiaomi e odiei à experiência.",06 Aug. 2022,xiaomi-redmi-note-10s-dual-sim-128-gb-onyx-gray-6-gb-ram,https://www.mercadolivre.com.br/xiaomi-redmi-note-10s-dual-sim-128-gb-onyx-gray-6-gb-ram/p/MLB18027052?pdp_filters=official_store:1553#reviews ,2,xiaomi,note 10s
"Ótimo, já compro no mercado livre há um tempo e sempre são ótimos produtos.",24 May 2022,xiaomi-redmi-note-10s-dual-sim-128-gb-onyx-gray-6-gb-ram,https://www.mercadolivre.com.br/xiaomi-redmi-note-10s-dual-sim-128-gb-onyx-gray-6-gb-ram/p/MLB18027052?pdp_filters=official_store:1553#reviews ,5,xiaomi,note 10s
"Celular é muito bom, bonito,tem uma câmera excelente,mas a bateria não tem uma boa durabilidade. Tem apenas 4dias de uso e está descarregando muito rápido. Meu antigo celular que era um moto g9 play durava um dia e meio carregado,esse xiaomi redmi note 10s tenho que carregar 2 vezes ao dia.",03 Jan. 2022,xiaomi-redmi-note-10s-dual-sim-128-gb-onyx-gray-6-gb-ram,https://www.mercadolivre.com.br/xiaomi-redmi-note-10s-dual-sim-128-gb-onyx-gray-6-gb-ram/p/MLB18027052?pdp_filters=official_store:1553#reviews ,3,xiaomi,note 10s
"Muito bom, a câmera é ótima, compraria novamente!.",14 Sep. 2021,xiaomi-redmi-note-10s-dual-sim-128-gb-onyx-gray-6-gb-ram,https://www.mercadolivre.com.br/xiaomi-redmi-note-10s-dual-sim-128-gb-onyx-gray-6-gb-ram/p/MLB18027052?pdp_filters=official_store:1553#reviews ,5,xiaomi,note 10s
"Intermediário, porem tem coisas que me deixou bem chateado, a camera e muito basica, cores apagada não fica bonito as fotos, de noite a camera é pessima, tipo horrível mesmo, chega a ser impossível tirar uma foto de noite, toda chuviscada, embaçada, desfocada, horroroso!!.
E tem bugs na hora de carregar, cada vez dura um tempo para carregar 100%.
Sendo que o certo era carregar de 0-100% em media de 1h e 10m. As vezes demora mais de 1h 30 m. Aparelho basico quebra o galho, mas para camera esquece!!! horrivel, feio, nojento!!!!!.",12 Jul. 2022,xiaomi-redmi-note-10s-dual-sim-128-gb-onyx-gray-6-gb-ram,https://www.mercadolivre.com.br/xiaomi-redmi-note-10s-dual-sim-128-gb-onyx-gray-6-gb-ram/p/MLB18027052?pdp_filters=official_store:1553#reviews ,3,xiaomi,note 10s
"Excelente, não é informado que o aparelho é de versão indiana mas isso não faz diferença. Se alguém tem dúvidas, pode comprar com confiança!.",02 Mar. 2022,xiaomi-redmi-note-10s-dual-sim-128-gb-onyx-gray-6-gb-ram,https://www.mercadolivre.com.br/xiaomi-redmi-note-10s-dual-sim-128-gb-onyx-gray-6-gb-ram/p/MLB18027052?pdp_filters=official_store:1553#reviews ,5,xiaomi,note 10s
"Muito bom, recomendo. Pode comprar sem medo, apenas uma coisa: a caixinha do carregador vem com uma entrada que não é compatível com as tomadas novas do brasil, mas não me atrapalhou, utilizei uma outra caixinha e deu certo.",07 Jan. 2022,xiaomi-redmi-note-10s-dual-sim-128-gb-onyx-gray-6-gb-ram,https://www.mercadolivre.com.br/xiaomi-redmi-note-10s-dual-sim-128-gb-onyx-gray-6-gb-ram/p/MLB18027052?pdp_filters=official_store:1553#reviews ,5,xiaomi,note 10s
"Não posso opinar muito agora, mas parece ser de ótima qualidade. Fácil de manusear e creio que não irei me arrepender por ser da xiaomi. Aparelho bonito e leve.",11 Nov. 2021,xiaomi-redmi-note-10s-dual-sim-128-gb-onyx-gray-6-gb-ram,https://www.mercadolivre.com.br/xiaomi-redmi-note-10s-dual-sim-128-gb-onyx-gray-6-gb-ram/p/MLB18027052?pdp_filters=official_store:1553#reviews ,4,xiaomi,note 10s
"Ótimo aparelho, processador é rápido e não trava. Estou com ele a 1 semana e não tenho nada a reclamar. Recomendo!.",27 Oct. 2021,xiaomi-redmi-note-10s-dual-sim-128-gb-onyx-gray-6-gb-ram,https://www.mercadolivre.com.br/xiaomi-redmi-note-10s-dual-sim-128-gb-onyx-gray-6-gb-ram/p/MLB18027052?pdp_filters=official_store:1553#reviews ,5,xiaomi,note 10s
"O celular é lindo gostei muito fácil de atualizar etc.
Só deixou a desejar no carregador não funcionou não sei se funcionará mais não pegou e outra o carregador não é brasileiro não etc. Mais fora isso o celular é original é lindo.",01 Aug. 2023,xiaomi-redmi-note-10s-dual-sim-128-gb-onyx-gray-6-gb-ram,https://www.mercadolivre.com.br/xiaomi-redmi-note-10s-dual-sim-128-gb-onyx-gray-6-gb-ram/p/MLB18027052?pdp_filters=official_store:1553#reviews ,4,xiaomi,note 10s
Muito bom gostei.,25 Jul. 2023,xiaomi-redmi-note-10s-dual-sim-128-gb-onyx-gray-6-gb-ram,https://www.mercadolivre.com.br/xiaomi-redmi-note-10s-dual-sim-128-gb-onyx-gray-6-gb-ram/p/MLB18027052?pdp_filters=official_store:1553#reviews ,4,xiaomi,note 10s
Amei o produto sem falar as fotos que fica o show ele é lindo adorei.,13 May 2023,xiaomi-redmi-note-10s-dual-sim-128-gb-onyx-gray-6-gb-ram,https://www.mercadolivre.com.br/xiaomi-redmi-note-10s-dual-sim-128-gb-onyx-gray-6-gb-ram/p/MLB18027052?pdp_filters=official_store:1553#reviews ,5,xiaomi,note 10s
"Muito top, o único problema é que precisa de um adaptador para o carreador, pois veio no padrão chinês.",24 Jun. 2023,xiaomi-redmi-note-10s-dual-sim-128-gb-onyx-gray-6-gb-ram,https://www.mercadolivre.com.br/xiaomi-redmi-note-10s-dual-sim-128-gb-onyx-gray-6-gb-ram/p/MLB18027052?pdp_filters=official_store:1553#reviews ,5,xiaomi,note 10s
Excelente.,23 Jun. 2023,xiaomi-redmi-note-10s-dual-sim-128-gb-onyx-gray-6-gb-ram,https://www.mercadolivre.com.br/xiaomi-redmi-note-10s-dual-sim-128-gb-onyx-gray-6-gb-ram/p/MLB18027052?pdp_filters=official_store:1553#reviews ,5,xiaomi,note 10s
Ótimo custo benefício.,23 Jun. 2023,xiaomi-redmi-note-10s-dual-sim-128-gb-onyx-gray-6-gb-ram,https://www.mercadolivre.com.br/xiaomi-redmi-note-10s-dual-sim-128-gb-onyx-gray-6-gb-ram/p/MLB18027052?pdp_filters=official_store:1553#reviews ,5,xiaomi,note 10s
Produto de excelente qualidade.,22 Jun. 2023,xiaomi-redmi-note-10s-dual-sim-128-gb-onyx-gray-6-gb-ram,https://www.mercadolivre.com.br/xiaomi-redmi-note-10s-dual-sim-128-gb-onyx-gray-6-gb-ram/p/MLB18027052?pdp_filters=official_store:1553#reviews ,5,xiaomi,note 10s
Muito bom excelente celular muito rápido valeu apena com certeza.,21 Jun. 2023,xiaomi-redmi-note-10s-dual-sim-128-gb-onyx-gray-6-gb-ram,https://www.mercadolivre.com.br/xiaomi-redmi-note-10s-dual-sim-128-gb-onyx-gray-6-gb-ram/p/MLB18027052?pdp_filters=official_store:1553#reviews ,5,xiaomi,note 10s
"Ele e bom, mas como não vem com o carregador certo pra minha região.",18 Jun. 2023,xiaomi-redmi-note-10s-dual-sim-128-gb-onyx-gray-6-gb-ram,https://www.mercadolivre.com.br/xiaomi-redmi-note-10s-dual-sim-128-gb-onyx-gray-6-gb-ram/p/MLB18027052?pdp_filters=official_store:1553#reviews ,4,xiaomi,note 10s
Eu achei bom.,18 Jun. 2023,xiaomi-redmi-note-10s-dual-sim-128-gb-onyx-gray-6-gb-ram,https://www.mercadolivre.com.br/xiaomi-redmi-note-10s-dual-sim-128-gb-onyx-gray-6-gb-ram/p/MLB18027052?pdp_filters=official_store:1553#reviews ,5,xiaomi,note 10s
E muito top demais.,17 Jun. 2023,xiaomi-redmi-note-10s-dual-sim-128-gb-onyx-gray-6-gb-ram,https://www.mercadolivre.com.br/xiaomi-redmi-note-10s-dual-sim-128-gb-onyx-gray-6-gb-ram/p/MLB18027052?pdp_filters=official_store:1553#reviews ,5,xiaomi,note 10s
"Celular é ótimo, custo benefício.",17 Jun. 2023,xiaomi-redmi-note-10s-dual-sim-128-gb-onyx-gray-6-gb-ram,https://www.mercadolivre.com.br/xiaomi-redmi-note-10s-dual-sim-128-gb-onyx-gray-6-gb-ram/p/MLB18027052?pdp_filters=official_store:1553#reviews ,5,xiaomi,note 10s
Muito bom mesmo.,17 Jun. 2023,xiaomi-redmi-note-10s-dual-sim-128-gb-onyx-gray-6-gb-ram,https://www.mercadolivre.com.br/xiaomi-redmi-note-10s-dual-sim-128-gb-onyx-gray-6-gb-ram/p/MLB18027052?pdp_filters=official_store:1553#reviews ,5,xiaomi,note 10s
Muito bom. Superou minhas expectativas.,17 Jun. 2023,xiaomi-redmi-note-10s-dual-sim-128-gb-onyx-gray-6-gb-ram,https://www.mercadolivre.com.br/xiaomi-redmi-note-10s-dual-sim-128-gb-onyx-gray-6-gb-ram/p/MLB18027052?pdp_filters=official_store:1553#reviews ,5,xiaomi,note 10s
Muito bom.,17 Jun. 2023,xiaomi-redmi-note-10s-dual-sim-128-gb-onyx-gray-6-gb-ram,https://www.mercadolivre.com.br/xiaomi-redmi-note-10s-dual-sim-128-gb-onyx-gray-6-gb-ram/p/MLB18027052?pdp_filters=official_store:1553#reviews ,5,xiaomi,note 10s
Muito bom obrigado.,17 Jun. 2023,xiaomi-redmi-note-10s-dual-sim-128-gb-onyx-gray-6-gb-ram,https://www.mercadolivre.com.br/xiaomi-redmi-note-10s-dual-sim-128-gb-onyx-gray-6-gb-ram/p/MLB18027052?pdp_filters=official_store:1553#reviews ,5,xiaomi,note 10s
Excelente celular. Bom custo benefício.,16 Jun. 2023,xiaomi-redmi-note-10s-dual-sim-128-gb-onyx-gray-6-gb-ram,https://www.mercadolivre.com.br/xiaomi-redmi-note-10s-dual-sim-128-gb-onyx-gray-6-gb-ram/p/MLB18027052?pdp_filters=official_store:1553#reviews ,5,xiaomi,note 10s
"Não gostei tinha o xiomi 5 e gostei muito, quis trocar pela mesma marca e me arrependi. Ó celular é uma verdadeira caixa de surpresas e não obedece comandos. Odiei.",08 Jun. 2023,xiaomi-redmi-note-10s-dual-sim-128-gb-onyx-gray-6-gb-ram,https://www.mercadolivre.com.br/xiaomi-redmi-note-10s-dual-sim-128-gb-onyx-gray-6-gb-ram/p/MLB18027052?pdp_filters=official_store:1553#reviews ,2,xiaomi,note 10s
"Muito bom, porém o modelo 9 é melhor.",19 May 2023,xiaomi-redmi-note-10s-dual-sim-128-gb-onyx-gray-6-gb-ram,https://www.mercadolivre.com.br/xiaomi-redmi-note-10s-dual-sim-128-gb-onyx-gray-6-gb-ram/p/MLB18027052?pdp_filters=official_store:1553#reviews ,5,xiaomi,note 10s
"Se o seu negócio é a câmera, tem outros xiaomi melhores. De resto, excelente.",16 May 2023,xiaomi-redmi-note-10s-dual-sim-128-gb-onyx-gray-6-gb-ram,https://www.mercadolivre.com.br/xiaomi-redmi-note-10s-dual-sim-128-gb-onyx-gray-6-gb-ram/p/MLB18027052?pdp_filters=official_store:1553#reviews ,5,xiaomi,note 10s
Muito bom.,07 Mar. 2023,xiaomi-redmi-note-10s-dual-sim-128-gb-onyx-gray-6-gb-ram,https://www.mercadolivre.com.br/xiaomi-redmi-note-10s-dual-sim-128-gb-onyx-gray-6-gb-ram/p/MLB18027052?pdp_filters=official_store:1553#reviews ,5,xiaomi,note 10s
Ótimo celular muito top.,07 Mar. 2023,xiaomi-redmi-note-10s-dual-sim-128-gb-onyx-gray-6-gb-ram,https://www.mercadolivre.com.br/xiaomi-redmi-note-10s-dual-sim-128-gb-onyx-gray-6-gb-ram/p/MLB18027052?pdp_filters=official_store:1553#reviews ,5,xiaomi,note 10s
Muito bom.,06 Mar. 2023,xiaomi-redmi-note-10s-dual-sim-128-gb-onyx-gray-6-gb-ram,https://www.mercadolivre.com.br/xiaomi-redmi-note-10s-dual-sim-128-gb-onyx-gray-6-gb-ram/p/MLB18027052?pdp_filters=official_store:1553#reviews ,5,xiaomi,note 10s
"O produto é ótimo, sempre fui do timexiaomi, o problema é que todos, 100%, dos aparelhos que eu comprei, veio com película, inclusive uma embutida na câmera, esse não veio, veio sem película, e nem tem o adaptador do carregador!! o adaptador é obrigatório, sem ele não dá para carregar porque o pino da cabeça é pequeno, então precisa sim do adaptador, se fosse esse erro e essa idiotice, seria perfeito ! mas obrigado pelo produto, ótimo, versão global, e original 😊.",05 Dec. 2022,xiaomi-redmi-note-10s-dual-sim-128-gb-onyx-gray-6-gb-ram,https://www.mercadolivre.com.br/xiaomi-redmi-note-10s-dual-sim-128-gb-onyx-gray-6-gb-ram/p/MLB18027052?pdp_filters=official_store:1553#reviews ,4,xiaomi,note 10s
"Meu produto veio em condicoes boas. Porem hoje, ele apresentou um bug de software, fica reiniciando sozinho. Ja tentei, dar hard reset. E o problema ainda persiste. Ainda nao levei numa assistencia para saber se conseguem resolver o problema. No mais obrigado pelo produto. E infelizmente aqui o meu caso o celular apresentou este problema.",28 Oct. 2022,xiaomi-redmi-note-10s-dual-sim-128-gb-onyx-gray-6-gb-ram,https://www.mercadolivre.com.br/xiaomi-redmi-note-10s-dual-sim-128-gb-onyx-gray-6-gb-ram/p/MLB18027052?pdp_filters=official_store:1553#reviews ,3,xiaomi,note 10s
Bom porém tá se desligando sozinho do nada comprei esse pq diziam qui era bom e no fim tá mas pior do quer o meu antigo moto g7 e por ser mas caro deveria ser melhor mas fazer o quer né.,23 Oct. 2022,xiaomi-redmi-note-10s-dual-sim-128-gb-onyx-gray-6-gb-ram,https://www.mercadolivre.com.br/xiaomi-redmi-note-10s-dual-sim-128-gb-onyx-gray-6-gb-ram/p/MLB18027052?pdp_filters=official_store:1553#reviews ,3,xiaomi,note 10s
Excelente celular muito bom que pena que não véi com o fone de ouvido e o carregador não adaptou nenhuma das tomadas mas fora isso ele é ótimo comprei para dar de presente ao meu marido ele é um amor.,27 Sep. 2022,xiaomi-redmi-note-10s-dual-sim-128-gb-onyx-gray-6-gb-ram,https://www.mercadolivre.com.br/xiaomi-redmi-note-10s-dual-sim-128-gb-onyx-gray-6-gb-ram/p/MLB18027052?pdp_filters=official_store:1553#reviews ,5,xiaomi,note 10s
"Sempre tive xiaomi, mas não gostei desse que foi enviado porque que é fabricado na índia. Em 1 semana já parou de funcionar o leitor de biometria.",10 Jul. 2022,xiaomi-redmi-note-10s-dual-sim-128-gb-onyx-gray-6-gb-ram,https://www.mercadolivre.com.br/xiaomi-redmi-note-10s-dual-sim-128-gb-onyx-gray-6-gb-ram/p/MLB18027052?pdp_filters=official_store:1553#reviews ,2,xiaomi,note 10s
O celular muito bom original a a bateria adura bastante carregada até agora o aparelho tá ótimo eu recomendo.,28 Jun. 2022,xiaomi-redmi-note-10s-dual-sim-128-gb-onyx-gray-6-gb-ram,https://www.mercadolivre.com.br/xiaomi-redmi-note-10s-dual-sim-128-gb-onyx-gray-6-gb-ram/p/MLB18027052?pdp_filters=official_store:1553#reviews ,4,xiaomi,note 10s
"Sempre usei samsung ou motorola, e resolvi arriscar no xiaomi redimi note 10s. E estou muito surpreso o quanto ele é bom, câmera perfeita, memória interna, memória ram muito eficiente não fica travando, e o principal pra mim foi a bateria que carrega super rápido e pra mim que uso pouco dura dois dias.
Resumindo: podem comprar sem medo que o aparelho é bom.",15 Jun. 2022,xiaomi-redmi-note-10s-dual-sim-128-gb-onyx-gray-6-gb-ram,https://www.mercadolivre.com.br/xiaomi-redmi-note-10s-dual-sim-128-gb-onyx-gray-6-gb-ram/p/MLB18027052?pdp_filters=official_store:1553#reviews ,5,xiaomi,note 10s
"Estou usando a alguns dias , não tenho do que reclamar! aparelho veio intacto , conforme a descrição. O que deixou a desejar foi que o carregador não veio pra carregar em tomadas brasileiras nem com nosso adaptador, vou precisar comprar um adaptador universal pra conseguir usar o carregador original que veio com aparelho. Enquanto isso estou usando somente o cabo até chegar o adaptador.",20 May 2022,xiaomi-redmi-note-10s-dual-sim-128-gb-onyx-gray-6-gb-ram,https://www.mercadolivre.com.br/xiaomi-redmi-note-10s-dual-sim-128-gb-onyx-gray-6-gb-ram/p/MLB18027052?pdp_filters=official_store:1553#reviews ,4,xiaomi,note 10s
"Recomendo muito, bateria dura 1 dia inteiro usando 100%, desempenho excelente e qualidade de câmera excelente, basta saber usar. Único contra foi a variação de modelos com nfc e sem nfc, mas nada demais.",07 May 2022,xiaomi-redmi-note-10s-dual-sim-128-gb-onyx-gray-6-gb-ram,https://www.mercadolivre.com.br/xiaomi-redmi-note-10s-dual-sim-128-gb-onyx-gray-6-gb-ram/p/MLB18027052?pdp_filters=official_store:1553#reviews ,5,xiaomi,note 10s
"O produto em si é ótimo, porém, o carregador que vem junto não é compatível com o padrão de tomadas do nosso país, desse modo tive que comprar um adaptador de 50 tais para usar o carregador e também não veio fones de ouvido. Fora isso o aparelho é excelente.",27 Apr. 2022,xiaomi-redmi-note-10s-dual-sim-128-gb-onyx-gray-6-gb-ram,https://www.mercadolivre.com.br/xiaomi-redmi-note-10s-dual-sim-128-gb-onyx-gray-6-gb-ram/p/MLB18027052?pdp_filters=official_store:1553#reviews ,4,xiaomi,note 10s
Maravilhoso custo benefício pode comprar sem medo. A câmera é top o celular é rápido e para quem gosta de jogar é perfeito. Não tem nfc mas não atrapalha em nada.,10 Apr. 2022,xiaomi-redmi-note-10s-dual-sim-128-gb-onyx-gray-6-gb-ram,https://www.mercadolivre.com.br/xiaomi-redmi-note-10s-dual-sim-128-gb-onyx-gray-6-gb-ram/p/MLB18027052?pdp_filters=official_store:1553#reviews ,5,xiaomi,note 10s
Sem comentários produto nota 10 super feliz com esse celular já e o segundo q compro celular 10 não posso reclamar de nada tá em uso até agora só posso dizer tá tudo perfeito super recomendo sem dúvida.,02 Apr. 2022,xiaomi-redmi-note-10s-dual-sim-128-gb-onyx-gray-6-gb-ram,https://www.mercadolivre.com.br/xiaomi-redmi-note-10s-dual-sim-128-gb-onyx-gray-6-gb-ram/p/MLB18027052?pdp_filters=official_store:1553#reviews ,5,xiaomi,note 10s
"Podem comprar ,gente vocês não vai se arrepender eu estava com medo ,mais o celular é top demais ,comprem sem medo super recomendo.",28 Feb. 2022,xiaomi-redmi-note-10s-dual-sim-128-gb-onyx-gray-6-gb-ram,https://www.mercadolivre.com.br/xiaomi-redmi-note-10s-dual-sim-128-gb-onyx-gray-6-gb-ram/p/MLB18027052?pdp_filters=official_store:1553#reviews ,5,xiaomi,note 10s
"Produto de ótimo qualidade, recomendo.",20 Jan. 2022,xiaomi-redmi-note-10s-dual-sim-128-gb-onyx-gray-6-gb-ram,https://www.mercadolivre.com.br/xiaomi-redmi-note-10s-dual-sim-128-gb-onyx-gray-6-gb-ram/p/MLB18027052?pdp_filters=official_store:1553#reviews ,5,xiaomi,note 10s
Eu amei ele ótimo superou todas minhas expectativas.,07 Jan. 2022,xiaomi-redmi-note-10s-dual-sim-128-gb-onyx-gray-6-gb-ram,https://www.mercadolivre.com.br/xiaomi-redmi-note-10s-dual-sim-128-gb-onyx-gray-6-gb-ram/p/MLB18027052?pdp_filters=official_store:1553#reviews ,5,xiaomi,note 10s
Muito bom celular top nao quero saber de outro tipo de celular.,20 Nov. 2021,xiaomi-redmi-note-10s-dual-sim-128-gb-onyx-gray-6-gb-ram,https://www.mercadolivre.com.br/xiaomi-redmi-note-10s-dual-sim-128-gb-onyx-gray-6-gb-ram/p/MLB18027052?pdp_filters=official_store:1553#reviews ,5,xiaomi,note 10s
"Produto apresenta problema no sistema operacional, não inicializa normalmente. Para que o mesmo ligue é necessário formatar para configuração de fabrica gerando diversos transtornos na vida pessoal e profissional.",17 Jun. 2022,xiaomi-redmi-note-10s-dual-sim-128-gb-onyx-gray-6-gb-ram,https://www.mercadolivre.com.br/xiaomi-redmi-note-10s-dual-sim-128-gb-onyx-gray-6-gb-ram/p/MLB18027052?pdp_filters=official_store:1553#reviews ,1,xiaomi,note 10s
"Ameiiiii perfeito.
Top.
Veio com adaptador.
Não veio a cor q pedi mas veio a cor que eu queria.",03 Jan. 2022,xiaomi-redmi-note-10s-dual-sim-128-gb-onyx-gray-6-gb-ram,https://www.mercadolivre.com.br/xiaomi-redmi-note-10s-dual-sim-128-gb-onyx-gray-6-gb-ram/p/MLB18027052?pdp_filters=official_store:1553#reviews ,5,xiaomi,note 10s
"Produto de excelente qualidade, só presta atenção na versão que estão vendendo, comprei a versão indiana, tem algumas funções diferentes, de resto, muito bom o produto.",04 Oct. 2021,xiaomi-redmi-note-10s-dual-sim-128-gb-onyx-gray-6-gb-ram,https://www.mercadolivre.com.br/xiaomi-redmi-note-10s-dual-sim-128-gb-onyx-gray-6-gb-ram/p/MLB18027052?pdp_filters=official_store:1553#reviews ,5,xiaomi,note 10s
Péssimo.,29 May 2023,xiaomi-redmi-note-10s-dual-sim-128-gb-onyx-gray-6-gb-ram,https://www.mercadolivre.com.br/xiaomi-redmi-note-10s-dual-sim-128-gb-onyx-gray-6-gb-ram/p/MLB18027052?pdp_filters=official_store:1553#reviews ,1,xiaomi,note 10s
Péssimo.,15 May 2023,xiaomi-redmi-note-10s-dual-sim-128-gb-onyx-gray-6-gb-ram,https://www.mercadolivre.com.br/xiaomi-redmi-note-10s-dual-sim-128-gb-onyx-gray-6-gb-ram/p/MLB18027052?pdp_filters=official_store:1553#reviews ,1,xiaomi,note 10s
"O celular é muito bom, porém não me atentei ao carregador que não é o padrão do brasil. A caixa estava com marcas de sujeira. Mas é muito bom e veio como a descrição do produto.",30 Dec. 2021,xiaomi-redmi-note-10s-dual-sim-128-gb-onyx-gray-6-gb-ram,https://www.mercadolivre.com.br/xiaomi-redmi-note-10s-dual-sim-128-gb-onyx-gray-6-gb-ram/p/MLB18027052?pdp_filters=official_store:1553#reviews ,3,xiaomi,note 10s
"Por enquanto estou gostando bastante, celular parece ser muito bom, adorei a câmera, já tem três dias que não descarregou, eu não mecho muito tbm, único problema é que o carregador não deu em num tomada da minha casa, tive que usar de outro celular, ent se vc não tiver outro ou um adaptador que sirva não compre na versão indiana, mas fora isso é muito bom, e lindo.",11 Nov. 2021,xiaomi-redmi-note-10s-dual-sim-128-gb-onyx-gray-6-gb-ram,https://www.mercadolivre.com.br/xiaomi-redmi-note-10s-dual-sim-128-gb-onyx-gray-6-gb-ram/p/MLB18027052?pdp_filters=official_store:1553#reviews ,5,xiaomi,note 10s
Otimo muita tecnologia e agilidade batetia top.,19 Sep. 2021,xiaomi-redmi-note-10s-dual-sim-128-gb-onyx-gray-6-gb-ram,https://www.mercadolivre.com.br/xiaomi-redmi-note-10s-dual-sim-128-gb-onyx-gray-6-gb-ram/p/MLB18027052?pdp_filters=official_store:1553#reviews ,5,xiaomi,note 10s
Bom até agora.,02 Jun. 2023,xiaomi-redmi-note-10s-dual-sim-128-gb-onyx-gray-6-gb-ram,https://www.mercadolivre.com.br/xiaomi-redmi-note-10s-dual-sim-128-gb-onyx-gray-6-gb-ram/p/MLB18027052?pdp_filters=official_store:1553#reviews ,3,xiaomi,note 10s
Lindo amei a cor.,15 Jul. 2023,xiaomi-redmi-note-10s-dual-sim-128-gb-onyx-gray-6-gb-ram,https://www.mercadolivre.com.br/xiaomi-redmi-note-10s-dual-sim-128-gb-onyx-gray-6-gb-ram/p/MLB18027052?pdp_filters=official_store:1553#reviews ,4,xiaomi,note 10s
"Gostei do aparelho, bem legal!.",07 Jun. 2023,xiaomi-redmi-note-10s-dual-sim-128-gb-onyx-gray-6-gb-ram,https://www.mercadolivre.com.br/xiaomi-redmi-note-10s-dual-sim-128-gb-onyx-gray-6-gb-ram/p/MLB18027052?pdp_filters=official_store:1553#reviews ,5,xiaomi,note 10s
Top muito bom.,30 Apr. 2023,xiaomi-redmi-note-10s-dual-sim-128-gb-onyx-gray-6-gb-ram,https://www.mercadolivre.com.br/xiaomi-redmi-note-10s-dual-sim-128-gb-onyx-gray-6-gb-ram/p/MLB18027052?pdp_filters=official_store:1553#reviews ,5,xiaomi,note 10s
"Parece ser muito bom e bonito, só não querem enviar o nf🤔 me falaram q ia vir cn cel mais não veio. Pedi pelo mercado livre não me responderam.",01 Aug. 2023,xiaomi-redmi-note-10s-dual-sim-128-gb-onyx-gray-6-gb-ram,https://www.mercadolivre.com.br/xiaomi-redmi-note-10s-dual-sim-128-gb-onyx-gray-6-gb-ram/p/MLB18027052?pdp_filters=official_store:1553#reviews ,5,xiaomi,note 10s
"Perfeito , verso inddia.",15 Jun. 2023,xiaomi-redmi-note-10s-dual-sim-128-gb-onyx-gray-6-gb-ram,https://www.mercadolivre.com.br/xiaomi-redmi-note-10s-dual-sim-128-gb-onyx-gray-6-gb-ram/p/MLB18027052?pdp_filters=official_store:1553#reviews ,5,xiaomi,note 10s
Maravilhoso!!’.,13 May 2023,xiaomi-redmi-note-10s-dual-sim-128-gb-onyx-gray-6-gb-ram,https://www.mercadolivre.com.br/xiaomi-redmi-note-10s-dual-sim-128-gb-onyx-gray-6-gb-ram/p/MLB18027052?pdp_filters=official_store:1553#reviews ,5,xiaomi,note 10s
Muito bom.,14 Aug. 2023,xiaomi-redmi-note-10s-dual-sim-128-gb-onyx-gray-6-gb-ram,https://www.mercadolivre.com.br/xiaomi-redmi-note-10s-dual-sim-128-gb-onyx-gray-6-gb-ram/p/MLB18027052?pdp_filters=official_store:1553#reviews ,5,xiaomi,note 10s
Eu achei o celular ótimo e lindo.,14 Aug. 2023,xiaomi-redmi-note-10s-dual-sim-128-gb-onyx-gray-6-gb-ram,https://www.mercadolivre.com.br/xiaomi-redmi-note-10s-dual-sim-128-gb-onyx-gray-6-gb-ram/p/MLB18027052?pdp_filters=official_store:1553#reviews ,4,xiaomi,note 10s
Muito ruim com pouco tempo de comprado está travando muito.,12 Aug. 2023,xiaomi-redmi-note-10s-dual-sim-128-gb-onyx-gray-6-gb-ram,https://www.mercadolivre.com.br/xiaomi-redmi-note-10s-dual-sim-128-gb-onyx-gray-6-gb-ram/p/MLB18027052?pdp_filters=official_store:1553#reviews ,1,xiaomi,note 10s
Excelente.,12 Aug. 2023,xiaomi-redmi-note-10s-dual-sim-128-gb-onyx-gray-6-gb-ram,https://www.mercadolivre.com.br/xiaomi-redmi-note-10s-dual-sim-128-gb-onyx-gray-6-gb-ram/p/MLB18027052?pdp_filters=official_store:1553#reviews ,5,xiaomi,note 10s
"Muito bom, tenho a 1 ano e sem problema nenhum.",12 Aug. 2023,xiaomi-redmi-note-10s-dual-sim-128-gb-onyx-gray-6-gb-ram,https://www.mercadolivre.com.br/xiaomi-redmi-note-10s-dual-sim-128-gb-onyx-gray-6-gb-ram/p/MLB18027052?pdp_filters=official_store:1553#reviews ,5,xiaomi,note 10s
Ótimo.,11 Aug. 2023,xiaomi-redmi-note-10s-dual-sim-128-gb-onyx-gray-6-gb-ram,https://www.mercadolivre.com.br/xiaomi-redmi-note-10s-dual-sim-128-gb-onyx-gray-6-gb-ram/p/MLB18027052?pdp_filters=official_store:1553#reviews ,5,xiaomi,note 10s
Perfeito.,11 Aug. 2023,xiaomi-redmi-note-10s-dual-sim-128-gb-onyx-gray-6-gb-ram,https://www.mercadolivre.com.br/xiaomi-redmi-note-10s-dual-sim-128-gb-onyx-gray-6-gb-ram/p/MLB18027052?pdp_filters=official_store:1553#reviews ,5,xiaomi,note 10s
Perfeito.,10 Aug. 2023,xiaomi-redmi-note-10s-dual-sim-128-gb-onyx-gray-6-gb-ram,https://www.mercadolivre.com.br/xiaomi-redmi-note-10s-dual-sim-128-gb-onyx-gray-6-gb-ram/p/MLB18027052?pdp_filters=official_store:1553#reviews ,5,xiaomi,note 10s
Ótimo aparelho. Muito satisfeito. Rápido e eficiente.,10 Aug. 2023,xiaomi-redmi-note-10s-dual-sim-128-gb-onyx-gray-6-gb-ram,https://www.mercadolivre.com.br/xiaomi-redmi-note-10s-dual-sim-128-gb-onyx-gray-6-gb-ram/p/MLB18027052?pdp_filters=official_store:1553#reviews ,5,xiaomi,note 10s
Muito bom 👍.,10 Aug. 2023,xiaomi-redmi-note-10s-dual-sim-128-gb-onyx-gray-6-gb-ram,https://www.mercadolivre.com.br/xiaomi-redmi-note-10s-dual-sim-128-gb-onyx-gray-6-gb-ram/p/MLB18027052?pdp_filters=official_store:1553#reviews ,5,xiaomi,note 10s
Olha super aprovado.,09 Aug. 2023,xiaomi-redmi-note-10s-dual-sim-128-gb-onyx-gray-6-gb-ram,https://www.mercadolivre.com.br/xiaomi-redmi-note-10s-dual-sim-128-gb-onyx-gray-6-gb-ram/p/MLB18027052?pdp_filters=official_store:1553#reviews ,5,xiaomi,note 10s
Produto muito bom! atende todas as minha necessidades.,09 Aug. 2023,xiaomi-redmi-note-10s-dual-sim-128-gb-onyx-gray-6-gb-ram,https://www.mercadolivre.com.br/xiaomi-redmi-note-10s-dual-sim-128-gb-onyx-gray-6-gb-ram/p/MLB18027052?pdp_filters=official_store:1553#reviews ,5,xiaomi,note 10s
Muito bom.,09 Aug. 2023,xiaomi-redmi-note-10s-dual-sim-128-gb-onyx-gray-6-gb-ram,https://www.mercadolivre.com.br/xiaomi-redmi-note-10s-dual-sim-128-gb-onyx-gray-6-gb-ram/p/MLB18027052?pdp_filters=official_store:1553#reviews ,5,xiaomi,note 10s
Ótimo.,09 Aug. 2023,xiaomi-redmi-note-10s-dual-sim-128-gb-onyx-gray-6-gb-ram,https://www.mercadolivre.com.br/xiaomi-redmi-note-10s-dual-sim-128-gb-onyx-gray-6-gb-ram/p/MLB18027052?pdp_filters=official_store:1553#reviews ,5,xiaomi,note 10s
É um bom telefone estou satisfeito.,09 Aug. 2023,xiaomi-redmi-note-10s-dual-sim-128-gb-onyx-gray-6-gb-ram,https://www.mercadolivre.com.br/xiaomi-redmi-note-10s-dual-sim-128-gb-onyx-gray-6-gb-ram/p/MLB18027052?pdp_filters=official_store:1553#reviews ,4,xiaomi,note 10s
Muito bom rápido e durável bateria top dura muito a camera então top d mais pode comprar ruime só o carregador q e versão indiana mais nada q um adaptador resolva.,08 Aug. 2023,xiaomi-redmi-note-10s-dual-sim-128-gb-onyx-gray-6-gb-ram,https://www.mercadolivre.com.br/xiaomi-redmi-note-10s-dual-sim-128-gb-onyx-gray-6-gb-ram/p/MLB18027052?pdp_filters=official_store:1553#reviews ,5,xiaomi,note 10s
"Não veio com nota fiscal,selo, e não veio na caixa original dele e também a cor não confirmava no imei do celular.",08 Aug. 2023,xiaomi-redmi-note-10s-dual-sim-128-gb-onyx-gray-6-gb-ram,https://www.mercadolivre.com.br/xiaomi-redmi-note-10s-dual-sim-128-gb-onyx-gray-6-gb-ram/p/MLB18027052?pdp_filters=official_store:1553#reviews ,1,xiaomi,note 10s
"Infelizmente não veio o carregador certo l, veio um carregador do motorola!.
Mais o celular é muitos bom.",08 Aug. 2023,xiaomi-redmi-note-10s-dual-sim-128-gb-onyx-gray-6-gb-ram,https://www.mercadolivre.com.br/xiaomi-redmi-note-10s-dual-sim-128-gb-onyx-gray-6-gb-ram/p/MLB18027052?pdp_filters=official_store:1553#reviews ,5,xiaomi,note 10s
Muito bom para jogos! meu irmão adorou o celular.,08 Aug. 2023,xiaomi-redmi-note-10s-dual-sim-128-gb-onyx-gray-6-gb-ram,https://www.mercadolivre.com.br/xiaomi-redmi-note-10s-dual-sim-128-gb-onyx-gray-6-gb-ram/p/MLB18027052?pdp_filters=official_store:1553#reviews ,5,xiaomi,note 10s
Ótimo recomendo.,08 Aug. 2023,xiaomi-redmi-note-10s-dual-sim-128-gb-onyx-gray-6-gb-ram,https://www.mercadolivre.com.br/xiaomi-redmi-note-10s-dual-sim-128-gb-onyx-gray-6-gb-ram/p/MLB18027052?pdp_filters=official_store:1553#reviews ,5,xiaomi,note 10s
"Ótimo produto, recomendo!.",07 Aug. 2023,xiaomi-redmi-note-10s-dual-sim-128-gb-onyx-gray-6-gb-ram,https://www.mercadolivre.com.br/xiaomi-redmi-note-10s-dual-sim-128-gb-onyx-gray-6-gb-ram/p/MLB18027052?pdp_filters=official_store:1553#reviews ,5,xiaomi,note 10s
"Esperava mto mais do produto !.
Câmera ruim e trava mto.",07 Aug. 2023,xiaomi-redmi-note-10s-dual-sim-128-gb-onyx-gray-6-gb-ram,https://www.mercadolivre.com.br/xiaomi-redmi-note-10s-dual-sim-128-gb-onyx-gray-6-gb-ram/p/MLB18027052?pdp_filters=official_store:1553#reviews ,3,xiaomi,note 10s
Bom.,06 Aug. 2023,xiaomi-redmi-note-10s-dual-sim-128-gb-onyx-gray-6-gb-ram,https://www.mercadolivre.com.br/xiaomi-redmi-note-10s-dual-sim-128-gb-onyx-gray-6-gb-ram/p/MLB18027052?pdp_filters=official_store:1553#reviews ,1,xiaomi,note 10s
Comprei pra minha filha e ela amou.,06 Aug. 2023,xiaomi-redmi-note-10s-dual-sim-128-gb-onyx-gray-6-gb-ram,https://www.mercadolivre.com.br/xiaomi-redmi-note-10s-dual-sim-128-gb-onyx-gray-6-gb-ram/p/MLB18027052?pdp_filters=official_store:1553#reviews ,5,xiaomi,note 10s
Muito bom.,06 Aug. 2023,xiaomi-redmi-note-10s-dual-sim-128-gb-onyx-gray-6-gb-ram,https://www.mercadolivre.com.br/xiaomi-redmi-note-10s-dual-sim-128-gb-onyx-gray-6-gb-ram/p/MLB18027052?pdp_filters=official_store:1553#reviews ,3,xiaomi,note 10s
Um aparelho com um dos melhores custo benefício do mercado.,06 Aug. 2023,xiaomi-redmi-note-10s-dual-sim-128-gb-onyx-gray-6-gb-ram,https://www.mercadolivre.com.br/xiaomi-redmi-note-10s-dual-sim-128-gb-onyx-gray-6-gb-ram/p/MLB18027052?pdp_filters=official_store:1553#reviews ,5,xiaomi,note 10s
Ótimo.,06 Aug. 2023,xiaomi-redmi-note-10s-dual-sim-128-gb-onyx-gray-6-gb-ram,https://www.mercadolivre.com.br/xiaomi-redmi-note-10s-dual-sim-128-gb-onyx-gray-6-gb-ram/p/MLB18027052?pdp_filters=official_store:1553#reviews ,5,xiaomi,note 10s
"Muito bom excelente custo benefício rodo jogos pesados liso, a câmera é mt boa, a tela e ótima pra ver vídeos cores vividas. Já a bateria para o meu uso dura o dia todo só descarrega no fim do dia. No geral é um ótimo celular até agora.",05 Aug. 2023,xiaomi-redmi-note-10s-dual-sim-128-gb-onyx-gray-6-gb-ram,https://www.mercadolivre.com.br/xiaomi-redmi-note-10s-dual-sim-128-gb-onyx-gray-6-gb-ram/p/MLB18027052?pdp_filters=official_store:1553#reviews ,5,xiaomi,note 10s
O aparelho é bom.,05 Aug. 2023,xiaomi-redmi-note-10s-dual-sim-128-gb-onyx-gray-6-gb-ram,https://www.mercadolivre.com.br/xiaomi-redmi-note-10s-dual-sim-128-gb-onyx-gray-6-gb-ram/p/MLB18027052?pdp_filters=official_store:1553#reviews ,2,xiaomi,note 10s
"Hoje no mercado a xiaomi, está uma das melhores.",05 Aug. 2023,xiaomi-redmi-note-10s-dual-sim-128-gb-onyx-gray-6-gb-ram,https://www.mercadolivre.com.br/xiaomi-redmi-note-10s-dual-sim-128-gb-onyx-gray-6-gb-ram/p/MLB18027052?pdp_filters=official_store:1553#reviews ,5,xiaomi,note 10s
Deu defeito com 49 dias de uso.,05 Aug. 2023,xiaomi-redmi-note-10s-dual-sim-128-gb-onyx-gray-6-gb-ram,https://www.mercadolivre.com.br/xiaomi-redmi-note-10s-dual-sim-128-gb-onyx-gray-6-gb-ram/p/MLB18027052?pdp_filters=official_store:1553#reviews ,2,xiaomi,note 10s
Super recomendo tá.,05 Aug. 2023,xiaomi-redmi-note-10s-dual-sim-128-gb-onyx-gray-6-gb-ram,https://www.mercadolivre.com.br/xiaomi-redmi-note-10s-dual-sim-128-gb-onyx-gray-6-gb-ram/p/MLB18027052?pdp_filters=official_store:1553#reviews ,5,xiaomi,note 10s
Mt obg estou mt satsfeito.,04 Aug. 2023,xiaomi-redmi-note-10s-dual-sim-128-gb-onyx-gray-6-gb-ram,https://www.mercadolivre.com.br/xiaomi-redmi-note-10s-dual-sim-128-gb-onyx-gray-6-gb-ram/p/MLB18027052?pdp_filters=official_store:1553#reviews ,5,xiaomi,note 10s
Maravilhoso tô amando meu celular 😻.,04 Aug. 2023,xiaomi-redmi-note-10s-dual-sim-128-gb-onyx-gray-6-gb-ram,https://www.mercadolivre.com.br/xiaomi-redmi-note-10s-dual-sim-128-gb-onyx-gray-6-gb-ram/p/MLB18027052?pdp_filters=official_store:1553#reviews ,5,xiaomi,note 10s
Muito bom ! recomendo.,04 Aug. 2023,xiaomi-redmi-note-10s-dual-sim-128-gb-onyx-gray-6-gb-ram,https://www.mercadolivre.com.br/xiaomi-redmi-note-10s-dual-sim-128-gb-onyx-gray-6-gb-ram/p/MLB18027052?pdp_filters=official_store:1553#reviews ,4,xiaomi,note 10s
Somente reclamar do carregador que veio no padrão eua e estamos no brasil né galerinha?! no mínimo mandasse o adaptador.,04 Aug. 2023,xiaomi-redmi-note-10s-dual-sim-128-gb-onyx-gray-6-gb-ram,https://www.mercadolivre.com.br/xiaomi-redmi-note-10s-dual-sim-128-gb-onyx-gray-6-gb-ram/p/MLB18027052?pdp_filters=official_store:1553#reviews ,2,xiaomi,note 10s
"Celular muito bom , gostei muito.",04 Aug. 2023,xiaomi-redmi-note-10s-dual-sim-128-gb-onyx-gray-6-gb-ram,https://www.mercadolivre.com.br/xiaomi-redmi-note-10s-dual-sim-128-gb-onyx-gray-6-gb-ram/p/MLB18027052?pdp_filters=official_store:1553#reviews ,5,xiaomi,note 10s
O produto é mt bom!!! entretanto ele não tem nfc como anunciado.,03 Aug. 2023,xiaomi-redmi-note-10s-dual-sim-128-gb-onyx-gray-6-gb-ram,https://www.mercadolivre.com.br/xiaomi-redmi-note-10s-dual-sim-128-gb-onyx-gray-6-gb-ram/p/MLB18027052?pdp_filters=official_store:1553#reviews ,4,xiaomi,note 10s
👍 bom.,03 Aug. 2023,xiaomi-redmi-note-10s-dual-sim-128-gb-onyx-gray-6-gb-ram,https://www.mercadolivre.com.br/xiaomi-redmi-note-10s-dual-sim-128-gb-onyx-gray-6-gb-ram/p/MLB18027052?pdp_filters=official_store:1553#reviews ,5,xiaomi,note 10s
Ótimo.,03 Aug. 2023,xiaomi-redmi-note-10s-dual-sim-128-gb-onyx-gray-6-gb-ram,https://www.mercadolivre.com.br/xiaomi-redmi-note-10s-dual-sim-128-gb-onyx-gray-6-gb-ram/p/MLB18027052?pdp_filters=official_store:1553#reviews ,5,xiaomi,note 10s
Amei ótimo.,03 Aug. 2023,xiaomi-redmi-note-10s-dual-sim-128-gb-onyx-gray-6-gb-ram,https://www.mercadolivre.com.br/xiaomi-redmi-note-10s-dual-sim-128-gb-onyx-gray-6-gb-ram/p/MLB18027052?pdp_filters=official_store:1553#reviews ,5,xiaomi,note 10s
Ótimo.,03 Aug. 2023,xiaomi-redmi-note-10s-dual-sim-128-gb-onyx-gray-6-gb-ram,https://www.mercadolivre.com.br/xiaomi-redmi-note-10s-dual-sim-128-gb-onyx-gray-6-gb-ram/p/MLB18027052?pdp_filters=official_store:1553#reviews ,4,xiaomi,note 10s
Excelente produto. Pena que não tem nfc.,02 Aug. 2023,xiaomi-redmi-note-10s-dual-sim-128-gb-onyx-gray-6-gb-ram,https://www.mercadolivre.com.br/xiaomi-redmi-note-10s-dual-sim-128-gb-onyx-gray-6-gb-ram/p/MLB18027052?pdp_filters=official_store:1553#reviews ,5,xiaomi,note 10s
Ótimo custo benefício.,02 Aug. 2023,xiaomi-redmi-note-10s-dual-sim-128-gb-onyx-gray-6-gb-ram,https://www.mercadolivre.com.br/xiaomi-redmi-note-10s-dual-sim-128-gb-onyx-gray-6-gb-ram/p/MLB18027052?pdp_filters=official_store:1553#reviews ,5,xiaomi,note 10s
O bom celular ele e excelente pro dia a dia ainda tem uma grande memória claro que seu 8 de ram não deixa o celular lendo muito bom.,01 Aug. 2023,xiaomi-redmi-note-10s-dual-sim-128-gb-onyx-gray-6-gb-ram,https://www.mercadolivre.com.br/xiaomi-redmi-note-10s-dual-sim-128-gb-onyx-gray-6-gb-ram/p/MLB18027052?pdp_filters=official_store:1553#reviews ,5,xiaomi,note 10s
"Um bom aparelho.
Custo benefício até o momento é positivo.",01 Aug. 2023,xiaomi-redmi-note-10s-dual-sim-128-gb-onyx-gray-6-gb-ram,https://www.mercadolivre.com.br/xiaomi-redmi-note-10s-dual-sim-128-gb-onyx-gray-6-gb-ram/p/MLB18027052?pdp_filters=official_store:1553#reviews ,5,xiaomi,note 10s
"O celular e muito bonito, câmera muito boa , bateria durabilidade não posso dizer ainda , valor acessível.",31 Jul. 2023,xiaomi-redmi-note-10s-dual-sim-128-gb-onyx-gray-6-gb-ram,https://www.mercadolivre.com.br/xiaomi-redmi-note-10s-dual-sim-128-gb-onyx-gray-6-gb-ram/p/MLB18027052?pdp_filters=official_store:1553#reviews ,3,xiaomi,note 10s
Top.,31 Jul. 2023,xiaomi-redmi-note-10s-dual-sim-128-gb-onyx-gray-6-gb-ram,https://www.mercadolivre.com.br/xiaomi-redmi-note-10s-dual-sim-128-gb-onyx-gray-6-gb-ram/p/MLB18027052?pdp_filters=official_store:1553#reviews ,5,xiaomi,note 10s
Excelente custo benefício.,31 Jul. 2023,xiaomi-redmi-note-10s-dual-sim-128-gb-onyx-gray-6-gb-ram,https://www.mercadolivre.com.br/xiaomi-redmi-note-10s-dual-sim-128-gb-onyx-gray-6-gb-ram/p/MLB18027052?pdp_filters=official_store:1553#reviews ,5,xiaomi,note 10s
"Produto até agora muito bom, mais com. 2. Meses e meio de uso o touch simplesmente parou de funcionar.",31 Jul. 2023,xiaomi-redmi-note-10s-dual-sim-128-gb-onyx-gray-6-gb-ram,https://www.mercadolivre.com.br/xiaomi-redmi-note-10s-dual-sim-128-gb-onyx-gray-6-gb-ram/p/MLB18027052?pdp_filters=official_store:1553#reviews ,4,xiaomi,note 10s
Até agora estou gostando só acho um pouco difícil até configurar. Tem q atualizar todos os aplicativos.,31 Jul. 2023,xiaomi-redmi-note-10s-dual-sim-128-gb-onyx-gray-6-gb-ram,https://www.mercadolivre.com.br/xiaomi-redmi-note-10s-dual-sim-128-gb-onyx-gray-6-gb-ram/p/MLB18027052?pdp_filters=official_store:1553#reviews ,5,xiaomi,note 10s
Otimo.,29 Jul. 2023,xiaomi-redmi-note-10s-dual-sim-128-gb-onyx-gray-6-gb-ram,https://www.mercadolivre.com.br/xiaomi-redmi-note-10s-dual-sim-128-gb-onyx-gray-6-gb-ram/p/MLB18027052?pdp_filters=official_store:1553#reviews ,5,xiaomi,note 10s
"A câmera deixa a desejar. Apesar de muitos pixels, a imagem não tem uma ótima definição.",29 Jul. 2023,xiaomi-redmi-note-10s-dual-sim-128-gb-onyx-gray-6-gb-ram,https://www.mercadolivre.com.br/xiaomi-redmi-note-10s-dual-sim-128-gb-onyx-gray-6-gb-ram/p/MLB18027052?pdp_filters=official_store:1553#reviews ,5,xiaomi,note 10s
"Celular até que é bom, mais a câmera e muito ruim, fica chuviscando na imagem.
Muito ruim mesmo a câmera do celular.",29 Jul. 2023,xiaomi-redmi-note-10s-dual-sim-128-gb-onyx-gray-6-gb-ram,https://www.mercadolivre.com.br/xiaomi-redmi-note-10s-dual-sim-128-gb-onyx-gray-6-gb-ram/p/MLB18027052?pdp_filters=official_store:1553#reviews ,3,xiaomi,note 10s
Produto top de linha super recomendo.,28 Jul. 2023,xiaomi-redmi-note-10s-dual-sim-128-gb-onyx-gray-6-gb-ram,https://www.mercadolivre.com.br/xiaomi-redmi-note-10s-dual-sim-128-gb-onyx-gray-6-gb-ram/p/MLB18027052?pdp_filters=official_store:1553#reviews ,5,xiaomi,note 10s
Comprei um celular mandaram outro.,28 Jul. 2023,xiaomi-redmi-note-10s-dual-sim-128-gb-onyx-gray-6-gb-ram,https://www.mercadolivre.com.br/xiaomi-redmi-note-10s-dual-sim-128-gb-onyx-gray-6-gb-ram/p/MLB18027052?pdp_filters=official_store:1553#reviews ,1,xiaomi,note 10s
Aguardando ate agora a nota fiscal.,28 Jul. 2023,xiaomi-redmi-note-10s-dual-sim-128-gb-onyx-gray-6-gb-ram,https://www.mercadolivre.com.br/xiaomi-redmi-note-10s-dual-sim-128-gb-onyx-gray-6-gb-ram/p/MLB18027052?pdp_filters=official_store:1553#reviews ,4,xiaomi,note 10s
"Produto excelente e ja tenho um modelo igual, super recomendo.",28 Jul. 2023,xiaomi-redmi-note-10s-dual-sim-128-gb-onyx-gray-6-gb-ram,https://www.mercadolivre.com.br/xiaomi-redmi-note-10s-dual-sim-128-gb-onyx-gray-6-gb-ram/p/MLB18027052?pdp_filters=official_store:1553#reviews ,5,xiaomi,note 10s
Adorei minha compra veio certinho na data produto maravilhoso.,28 Jul. 2023,xiaomi-redmi-note-10s-dual-sim-128-gb-onyx-gray-6-gb-ram,https://www.mercadolivre.com.br/xiaomi-redmi-note-10s-dual-sim-128-gb-onyx-gray-6-gb-ram/p/MLB18027052?pdp_filters=official_store:1553#reviews ,5,xiaomi,note 10s
Bom.,28 Jul. 2023,xiaomi-redmi-note-10s-dual-sim-128-gb-onyx-gray-6-gb-ram,https://www.mercadolivre.com.br/xiaomi-redmi-note-10s-dual-sim-128-gb-onyx-gray-6-gb-ram/p/MLB18027052?pdp_filters=official_store:1553#reviews ,5,xiaomi,note 10s
"Excelente produto, superou as minhas expectativas.",27 Jul. 2023,xiaomi-redmi-note-10s-dual-sim-128-gb-onyx-gray-6-gb-ram,https://www.mercadolivre.com.br/xiaomi-redmi-note-10s-dual-sim-128-gb-onyx-gray-6-gb-ram/p/MLB18027052?pdp_filters=official_store:1553#reviews ,5,xiaomi,note 10s
Otimo.,27 Jul. 2023,xiaomi-redmi-note-10s-dual-sim-128-gb-onyx-gray-6-gb-ram,https://www.mercadolivre.com.br/xiaomi-redmi-note-10s-dual-sim-128-gb-onyx-gray-6-gb-ram/p/MLB18027052?pdp_filters=official_store:1553#reviews ,5,xiaomi,note 10s
"Ótimo, vem tudo certinho, recomendo.",27 Jul. 2023,xiaomi-redmi-note-10s-dual-sim-128-gb-onyx-gray-6-gb-ram,https://www.mercadolivre.com.br/xiaomi-redmi-note-10s-dual-sim-128-gb-onyx-gray-6-gb-ram/p/MLB18027052?pdp_filters=official_store:1553#reviews ,5,xiaomi,note 10s
Ótimo produto recomendo.,27 Jul. 2023,xiaomi-redmi-note-10s-dual-sim-128-gb-onyx-gray-6-gb-ram,https://www.mercadolivre.com.br/xiaomi-redmi-note-10s-dual-sim-128-gb-onyx-gray-6-gb-ram/p/MLB18027052?pdp_filters=official_store:1553#reviews ,5,xiaomi,note 10s
Perto de muitos e bom de mais.,27 Jul. 2023,xiaomi-redmi-note-10s-dual-sim-128-gb-onyx-gray-6-gb-ram,https://www.mercadolivre.com.br/xiaomi-redmi-note-10s-dual-sim-128-gb-onyx-gray-6-gb-ram/p/MLB18027052?pdp_filters=official_store:1553#reviews ,5,xiaomi,note 10s
Produto bom porém veio na cor errada.,26 Jul. 2023,xiaomi-redmi-note-10s-dual-sim-128-gb-onyx-gray-6-gb-ram,https://www.mercadolivre.com.br/xiaomi-redmi-note-10s-dual-sim-128-gb-onyx-gray-6-gb-ram/p/MLB18027052?pdp_filters=official_store:1553#reviews ,3,xiaomi,note 10s
Perfeito serviço.,26 Jul. 2023,xiaomi-redmi-note-10s-dual-sim-128-gb-onyx-gray-6-gb-ram,https://www.mercadolivre.com.br/xiaomi-redmi-note-10s-dual-sim-128-gb-onyx-gray-6-gb-ram/p/MLB18027052?pdp_filters=official_store:1553#reviews ,5,xiaomi,note 10s
Estou satisfeita.,25 Jul. 2023,xiaomi-redmi-note-10s-dual-sim-128-gb-onyx-gray-6-gb-ram,https://www.mercadolivre.com.br/xiaomi-redmi-note-10s-dual-sim-128-gb-onyx-gray-6-gb-ram/p/MLB18027052?pdp_filters=official_store:1553#reviews ,5,xiaomi,note 10s
Amei meu celular de qualidade ótimo 💯 pô centro.,24 Jul. 2023,xiaomi-redmi-note-10s-dual-sim-128-gb-onyx-gray-6-gb-ram,https://www.mercadolivre.com.br/xiaomi-redmi-note-10s-dual-sim-128-gb-onyx-gray-6-gb-ram/p/MLB18027052?pdp_filters=official_store:1553#reviews ,5,xiaomi,note 10s
"Top, câmera muito boa.",23 Jul. 2023,xiaomi-redmi-note-10s-dual-sim-128-gb-onyx-gray-6-gb-ram,https://www.mercadolivre.com.br/xiaomi-redmi-note-10s-dual-sim-128-gb-onyx-gray-6-gb-ram/p/MLB18027052?pdp_filters=official_store:1553#reviews ,5,xiaomi,note 10s
Produto bom.,23 Jul. 2023,xiaomi-redmi-note-10s-dual-sim-128-gb-onyx-gray-6-gb-ram,https://www.mercadolivre.com.br/xiaomi-redmi-note-10s-dual-sim-128-gb-onyx-gray-6-gb-ram/p/MLB18027052?pdp_filters=official_store:1553#reviews ,5,xiaomi,note 10s
Produto excelente.,23 Jul. 2023,xiaomi-redmi-note-10s-dual-sim-128-gb-onyx-gray-6-gb-ram,https://www.mercadolivre.com.br/xiaomi-redmi-note-10s-dual-sim-128-gb-onyx-gray-6-gb-ram/p/MLB18027052?pdp_filters=official_store:1553#reviews ,5,xiaomi,note 10s
A relação custo benefício é muito boa porém não enviam com nota fiscal.,22 Jul. 2023,xiaomi-redmi-note-10s-dual-sim-128-gb-onyx-gray-6-gb-ram,https://www.mercadolivre.com.br/xiaomi-redmi-note-10s-dual-sim-128-gb-onyx-gray-6-gb-ram/p/MLB18027052?pdp_filters=official_store:1553#reviews ,5,xiaomi,note 10s
"Propaganda dizia ter nfc e não tinha :(.
Também não falava nada sobre ser uma versão indiana que o carregador nem encaixa na tomada padrão brasileira.
Isso no minimo é falta de ética.",22 Jul. 2023,xiaomi-redmi-note-10s-dual-sim-128-gb-onyx-gray-6-gb-ram,https://www.mercadolivre.com.br/xiaomi-redmi-note-10s-dual-sim-128-gb-onyx-gray-6-gb-ram/p/MLB18027052?pdp_filters=official_store:1553#reviews ,2,xiaomi,note 10s
Gostei muito melhor celular e mais custo benefício.,21 Jul. 2023,xiaomi-redmi-note-10s-dual-sim-128-gb-onyx-gray-6-gb-ram,https://www.mercadolivre.com.br/xiaomi-redmi-note-10s-dual-sim-128-gb-onyx-gray-6-gb-ram/p/MLB18027052?pdp_filters=official_store:1553#reviews ,5,xiaomi,note 10s
Ótimo custo benefício.,21 Jul. 2023,xiaomi-redmi-note-10s-dual-sim-128-gb-onyx-gray-6-gb-ram,https://www.mercadolivre.com.br/xiaomi-redmi-note-10s-dual-sim-128-gb-onyx-gray-6-gb-ram/p/MLB18027052?pdp_filters=official_store:1553#reviews ,5,xiaomi,note 10s
"Comprei pra minha filha de presente, ela reclama muito da bateria, dura muito pouco.",21 Jul. 2023,xiaomi-redmi-note-10s-dual-sim-128-gb-onyx-gray-6-gb-ram,https://www.mercadolivre.com.br/xiaomi-redmi-note-10s-dual-sim-128-gb-onyx-gray-6-gb-ram/p/MLB18027052?pdp_filters=official_store:1553#reviews ,5,xiaomi,note 10s
"Bom produto, custo benefício.",21 Jul. 2023,xiaomi-redmi-note-10s-dual-sim-128-gb-onyx-gray-6-gb-ram,https://www.mercadolivre.com.br/xiaomi-redmi-note-10s-dual-sim-128-gb-onyx-gray-6-gb-ram/p/MLB18027052?pdp_filters=official_store:1553#reviews ,5,xiaomi,note 10s
Muito bom pode comprar sem medo.,20 Jul. 2023,xiaomi-redmi-note-10s-dual-sim-128-gb-onyx-gray-6-gb-ram,https://www.mercadolivre.com.br/xiaomi-redmi-note-10s-dual-sim-128-gb-onyx-gray-6-gb-ram/p/MLB18027052?pdp_filters=official_store:1553#reviews ,5,xiaomi,note 10s
Otimo.,20 Jul. 2023,xiaomi-redmi-note-10s-dual-sim-128-gb-onyx-gray-6-gb-ram,https://www.mercadolivre.com.br/xiaomi-redmi-note-10s-dual-sim-128-gb-onyx-gray-6-gb-ram/p/MLB18027052?pdp_filters=official_store:1553#reviews ,5,xiaomi,note 10s
Bom produto 👏👏.,20 Jul. 2023,xiaomi-redmi-note-10s-dual-sim-128-gb-onyx-gray-6-gb-ram,https://www.mercadolivre.com.br/xiaomi-redmi-note-10s-dual-sim-128-gb-onyx-gray-6-gb-ram/p/MLB18027052?pdp_filters=official_store:1553#reviews ,5,xiaomi,note 10s
Eu aprovo.,20 Jul. 2023,xiaomi-redmi-note-10s-dual-sim-128-gb-onyx-gray-6-gb-ram,https://www.mercadolivre.com.br/xiaomi-redmi-note-10s-dual-sim-128-gb-onyx-gray-6-gb-ram/p/MLB18027052?pdp_filters=official_store:1553#reviews ,5,xiaomi,note 10s
Ótimo.,19 Jul. 2023,xiaomi-redmi-note-10s-dual-sim-128-gb-onyx-gray-6-gb-ram,https://www.mercadolivre.com.br/xiaomi-redmi-note-10s-dual-sim-128-gb-onyx-gray-6-gb-ram/p/MLB18027052?pdp_filters=official_store:1553#reviews ,5,xiaomi,note 10s
Gostei muito celular bonito rápido não trava e as câmeras são muito boas.,19 Jul. 2023,xiaomi-redmi-note-10s-dual-sim-128-gb-onyx-gray-6-gb-ram,https://www.mercadolivre.com.br/xiaomi-redmi-note-10s-dual-sim-128-gb-onyx-gray-6-gb-ram/p/MLB18027052?pdp_filters=official_store:1553#reviews ,4,xiaomi,note 10s
Excelente!.,19 Jul. 2023,xiaomi-redmi-note-10s-dual-sim-128-gb-onyx-gray-6-gb-ram,https://www.mercadolivre.com.br/xiaomi-redmi-note-10s-dual-sim-128-gb-onyx-gray-6-gb-ram/p/MLB18027052?pdp_filters=official_store:1553#reviews ,5,xiaomi,note 10s
"Sempre tive celular samsung comprei a linda xiaomi e amei essa marca concerteza não fico sem esta marca mais excelente.
Boa duração da bateria ótima a câmera dele memória perfeito.",18 Jul. 2023,xiaomi-redmi-note-10s-dual-sim-128-gb-onyx-gray-6-gb-ram,https://www.mercadolivre.com.br/xiaomi-redmi-note-10s-dual-sim-128-gb-onyx-gray-6-gb-ram/p/MLB18027052?pdp_filters=official_store:1553#reviews ,5,xiaomi,note 10s
Não era original.,18 Jul. 2023,xiaomi-redmi-note-10s-dual-sim-128-gb-onyx-gray-6-gb-ram,https://www.mercadolivre.com.br/xiaomi-redmi-note-10s-dual-sim-128-gb-onyx-gray-6-gb-ram/p/MLB18027052?pdp_filters=official_store:1553#reviews ,1,xiaomi,note 10s
E um ótimo celular.,18 Jul. 2023,xiaomi-redmi-note-10s-dual-sim-128-gb-onyx-gray-6-gb-ram,https://www.mercadolivre.com.br/xiaomi-redmi-note-10s-dual-sim-128-gb-onyx-gray-6-gb-ram/p/MLB18027052?pdp_filters=official_store:1553#reviews ,5,xiaomi,note 10s
Ótimo produto adorei recomendo a todos.,18 Jul. 2023,xiaomi-redmi-note-10s-dual-sim-128-gb-onyx-gray-6-gb-ram,https://www.mercadolivre.com.br/xiaomi-redmi-note-10s-dual-sim-128-gb-onyx-gray-6-gb-ram/p/MLB18027052?pdp_filters=official_store:1553#reviews ,5,xiaomi,note 10s
Um aparelho muito bom mais deixou a desejar por não ter a função nfc. Não compraria novamente.,18 Jul. 2023,xiaomi-redmi-note-10s-dual-sim-128-gb-onyx-gray-6-gb-ram,https://www.mercadolivre.com.br/xiaomi-redmi-note-10s-dual-sim-128-gb-onyx-gray-6-gb-ram/p/MLB18027052?pdp_filters=official_store:1553#reviews ,3,xiaomi,note 10s
Produto top já comprei dois.,18 Jul. 2023,xiaomi-redmi-note-10s-dual-sim-128-gb-onyx-gray-6-gb-ram,https://www.mercadolivre.com.br/xiaomi-redmi-note-10s-dual-sim-128-gb-onyx-gray-6-gb-ram/p/MLB18027052?pdp_filters=official_store:1553#reviews ,5,xiaomi,note 10s
"Até então tudo ok.
Obrigado.",18 Jul. 2023,xiaomi-redmi-note-10s-dual-sim-128-gb-onyx-gray-6-gb-ram,https://www.mercadolivre.com.br/xiaomi-redmi-note-10s-dual-sim-128-gb-onyx-gray-6-gb-ram/p/MLB18027052?pdp_filters=official_store:1553#reviews ,4,xiaomi,note 10s
Top demais.,18 Jul. 2023,xiaomi-redmi-note-10s-dual-sim-128-gb-onyx-gray-6-gb-ram,https://www.mercadolivre.com.br/xiaomi-redmi-note-10s-dual-sim-128-gb-onyx-gray-6-gb-ram/p/MLB18027052?pdp_filters=official_store:1553#reviews ,5,xiaomi,note 10s
Compraria novamente.,17 Jul. 2023,xiaomi-redmi-note-10s-dual-sim-128-gb-onyx-gray-6-gb-ram,https://www.mercadolivre.com.br/xiaomi-redmi-note-10s-dual-sim-128-gb-onyx-gray-6-gb-ram/p/MLB18027052?pdp_filters=official_store:1553#reviews ,5,xiaomi,note 10s
Perfeito estou encantada. Fotos muito perfeito 👏👏.,17 Jul. 2023,xiaomi-redmi-note-10s-dual-sim-128-gb-onyx-gray-6-gb-ram,https://www.mercadolivre.com.br/xiaomi-redmi-note-10s-dual-sim-128-gb-onyx-gray-6-gb-ram/p/MLB18027052?pdp_filters=official_store:1553#reviews ,5,xiaomi,note 10s
Muito bon.,17 Jul. 2023,xiaomi-redmi-note-10s-dual-sim-128-gb-onyx-gray-6-gb-ram,https://www.mercadolivre.com.br/xiaomi-redmi-note-10s-dual-sim-128-gb-onyx-gray-6-gb-ram/p/MLB18027052?pdp_filters=official_store:1553#reviews ,5,xiaomi,note 10s
Bom.,17 Jul. 2023,xiaomi-redmi-note-10s-dual-sim-128-gb-onyx-gray-6-gb-ram,https://www.mercadolivre.com.br/xiaomi-redmi-note-10s-dual-sim-128-gb-onyx-gray-6-gb-ram/p/MLB18027052?pdp_filters=official_store:1553#reviews ,5,xiaomi,note 10s
Ótimo.,16 Jul. 2023,xiaomi-redmi-note-10s-dual-sim-128-gb-onyx-gray-6-gb-ram,https://www.mercadolivre.com.br/xiaomi-redmi-note-10s-dual-sim-128-gb-onyx-gray-6-gb-ram/p/MLB18027052?pdp_filters=official_store:1553#reviews ,5,xiaomi,note 10s
"Produto bom, de ótima qualidade.",16 Jul. 2023,xiaomi-redmi-note-10s-dual-sim-128-gb-onyx-gray-6-gb-ram,https://www.mercadolivre.com.br/xiaomi-redmi-note-10s-dual-sim-128-gb-onyx-gray-6-gb-ram/p/MLB18027052?pdp_filters=official_store:1553#reviews ,4,xiaomi,note 10s
Ótimo aparelho. Sem o que reclamar.,16 Jul. 2023,xiaomi-redmi-note-10s-dual-sim-128-gb-onyx-gray-6-gb-ram,https://www.mercadolivre.com.br/xiaomi-redmi-note-10s-dual-sim-128-gb-onyx-gray-6-gb-ram/p/MLB18027052?pdp_filters=official_store:1553#reviews ,5,xiaomi,note 10s
Bom. Top.,15 Jul. 2023,xiaomi-redmi-note-10s-dual-sim-128-gb-onyx-gray-6-gb-ram,https://www.mercadolivre.com.br/xiaomi-redmi-note-10s-dual-sim-128-gb-onyx-gray-6-gb-ram/p/MLB18027052?pdp_filters=official_store:1553#reviews ,5,xiaomi,note 10s
Bon.,15 Jul. 2023,xiaomi-redmi-note-10s-dual-sim-128-gb-onyx-gray-6-gb-ram,https://www.mercadolivre.com.br/xiaomi-redmi-note-10s-dual-sim-128-gb-onyx-gray-6-gb-ram/p/MLB18027052?pdp_filters=official_store:1553#reviews ,5,xiaomi,note 10s
"Celular muito bom, minha esposa adorou.",15 Jul. 2023,xiaomi-redmi-note-10s-dual-sim-128-gb-onyx-gray-6-gb-ram,https://www.mercadolivre.com.br/xiaomi-redmi-note-10s-dual-sim-128-gb-onyx-gray-6-gb-ram/p/MLB18027052?pdp_filters=official_store:1553#reviews ,5,xiaomi,note 10s
"Muito bom, gostei de mais❤️.",14 Jul. 2023,xiaomi-redmi-note-10s-dual-sim-128-gb-onyx-gray-6-gb-ram,https://www.mercadolivre.com.br/xiaomi-redmi-note-10s-dual-sim-128-gb-onyx-gray-6-gb-ram/p/MLB18027052?pdp_filters=official_store:1553#reviews ,5,xiaomi,note 10s
Após 1 ano continua funcionando muito bem.,14 Jul. 2023,xiaomi-redmi-note-10s-dual-sim-128-gb-onyx-gray-6-gb-ram,https://www.mercadolivre.com.br/xiaomi-redmi-note-10s-dual-sim-128-gb-onyx-gray-6-gb-ram/p/MLB18027052?pdp_filters=official_store:1553#reviews ,5,xiaomi,note 10s
Só não dei 5 estrelas em tudo pq o carregador não veio versão intercional preciso de adaptador e na hora compra não vi essa opção.,14 Jul. 2023,xiaomi-redmi-note-10s-dual-sim-128-gb-onyx-gray-6-gb-ram,https://www.mercadolivre.com.br/xiaomi-redmi-note-10s-dual-sim-128-gb-onyx-gray-6-gb-ram/p/MLB18027052?pdp_filters=official_store:1553#reviews ,4,xiaomi,note 10s
Muito bom.,14 Jul. 2023,xiaomi-redmi-note-10s-dual-sim-128-gb-onyx-gray-6-gb-ram,https://www.mercadolivre.com.br/xiaomi-redmi-note-10s-dual-sim-128-gb-onyx-gray-6-gb-ram/p/MLB18027052?pdp_filters=official_store:1553#reviews ,5,xiaomi,note 10s
Ótimo.,14 Jul. 2023,xiaomi-redmi-note-10s-dual-sim-128-gb-onyx-gray-6-gb-ram,https://www.mercadolivre.com.br/xiaomi-redmi-note-10s-dual-sim-128-gb-onyx-gray-6-gb-ram/p/MLB18027052?pdp_filters=official_store:1553#reviews ,5,xiaomi,note 10s
Ótimo produto.,13 Jul. 2023,xiaomi-redmi-note-10s-dual-sim-128-gb-onyx-gray-6-gb-ram,https://www.mercadolivre.com.br/xiaomi-redmi-note-10s-dual-sim-128-gb-onyx-gray-6-gb-ram/p/MLB18027052?pdp_filters=official_store:1553#reviews ,5,xiaomi,note 10s
Bom amei.,12 Jul. 2023,xiaomi-redmi-note-10s-dual-sim-128-gb-onyx-gray-6-gb-ram,https://www.mercadolivre.com.br/xiaomi-redmi-note-10s-dual-sim-128-gb-onyx-gray-6-gb-ram/p/MLB18027052?pdp_filters=official_store:1553#reviews ,5,xiaomi,note 10s
"Eu não só não fiquei mais satisfeito com a compra por causa da bateria, achei que a bateria poderia ser melhor.",12 Jul. 2023,xiaomi-redmi-note-10s-dual-sim-128-gb-onyx-gray-6-gb-ram,https://www.mercadolivre.com.br/xiaomi-redmi-note-10s-dual-sim-128-gb-onyx-gray-6-gb-ram/p/MLB18027052?pdp_filters=official_store:1553#reviews ,5,xiaomi,note 10s
Ótimo celular tenho ele já tem mais de um ano.,12 Jul. 2023,xiaomi-redmi-note-10s-dual-sim-128-gb-onyx-gray-6-gb-ram,https://www.mercadolivre.com.br/xiaomi-redmi-note-10s-dual-sim-128-gb-onyx-gray-6-gb-ram/p/MLB18027052?pdp_filters=official_store:1553#reviews ,5,xiaomi,note 10s
Adorei.,12 Jul. 2023,xiaomi-redmi-note-10s-dual-sim-128-gb-onyx-gray-6-gb-ram,https://www.mercadolivre.com.br/xiaomi-redmi-note-10s-dual-sim-128-gb-onyx-gray-6-gb-ram/p/MLB18027052?pdp_filters=official_store:1553#reviews ,5,xiaomi,note 10s
